aprovar;alias;alias_norm;canonical_name;canonical_id;score;ocorrencias
x;Cheney Brothers (CBI);CHENEY BROTHERS CBI;Cheney;1;100.0;1
x;Eastern Quality Foods;EASTERN QUALITY FOODS;Eastern Quality Foods;5;100.0;2
x;Kelly's Foods, Inc.;KELLY S FOODS;Kelly's Foods, Inc.;7;100.0;1
x;MEAT DEPOT PHILADELPHIA;MEAT DEPOT PHILADELPHIA;MEAT DEPOT PHILADELPHIA;9;100.0;2
x;Prime Meats;PRIME MEATS;Prime Meats;6;100.0;1
x;RAMAX, LLC;RAMAX;RAMAX, LLC;8;100.0;2
;ZAP FOODS LLC;ZAP FOODS;;;71.4;12
;SAAB Foods LLC;SAAB FOODS;;;66.7;1
;Leblon Foods, Inc.;LEBLON FOODS;;;64.0;4
;Prime Distribution USA;PRIME DISTRIBUTION;;;62.5;5
;Galileo Foods LLC;GALILEO FOODS;;;61.5;1
;Julina Foods;JULINA FOODS;;;58.8;1
;Julina Foods, Inc.;JULINA FOODS;;;58.8;2
;JULINA FOODS, INC. FL;JULINA FOODS FL;;;57.1;1
;Julina Foods, Inc. FL;JULINA FOODS FL;;;57.1;2
;3BX Foods IMPORTER & DISTRIBUITOR;3BX FOODS IMPORTER DISTRIBUITOR;;;55.6;1
;Brascom Corporation (Brascom Foods);BRASCOM BRASCOM FOODS;;;55.6;1
;Brascom Corporation / Brascom Foods;BRASCOM BRASCOM FOODS;;;55.6;1
;PANAMERICAN FOODS OF FLORIDA;PANAMERICAN FOODS OF FLORIDA;;;55.6;2
;Panamerican Foods of Florida;PANAMERICAN FOODS OF FLORIDA;;;55.6;2
;TRIUNFO FOODS - TRIUNFO SPECIALTY FOODS CORP.;TRIUNFO FOODS TRIUNFO SPECIALTY FOODS;;;55.6;1
;TRIUNFO FOODS IMPORT & EXPORT CORP;TRIUNFO FOODS IMPORT EXPORT;;;55.6;2
;TRIUNFO FOODS IMPORT & EXPORT CORP.;TRIUNFO FOODS IMPORT EXPORT;;;55.6;4
;Triunfo Foods Import & Export Corp.;TRIUNFO FOODS IMPORT EXPORT;;;55.6;1
;Triunfo Specialty Foods Corp. (Triunfo Foods Import & Export Corp.);TRIUNFO SPECIALTY FOODS TRIUNFO FOODS IMPORT EXPORT;;;55.6;1
;Imperial Dade;IMPERIAL DADE;;;54.5;1
;DARVES CORP;DARVES;;;53.3;1
;Brazil USA Imports Corp.;BRAZIL IMPORTS;;;52.2;1
;MENA Imports LLC;MENA IMPORTS;;;52.2;5
;SORVEPAN SPAN FOOD LLC;SORVEPAN SPAN FOOD;;;51.6;6
;Restaurant Depot;RESTAURANT DEPOT;;;51.3;3
;Draifus Remusat Corp (DBA Chef Mineiro Bread Company);DRAIFUS REMUSAT DBA CHEF MINEIRO BREAD;;;50.0;1
;Draifus Remusat Corp DBA Chef Mineiro Bread Company;DRAIFUS REMUSAT DBA CHEF MINEIRO BREAD;;;50.0;1
;MRG ENTERPRISE LLC;MRG ENTERPRISE;;;48.0;1
;Yenny's Farm LLC;YENNY S FARM;;;48.0;2
;M & B PRODUCTS, INC.;M B PRODUCTS;;;47.6;4
;RD (Restaurant Depot);RD RESTAURANT DEPOT;;;47.6;1
;Beachline West (RD);BEACHLINE WEST RD;;;47.1;1
;PANEBRAS USA LLC;PANEBRAS;;;47.1;6
;RD - Beachline West;RD BEACHLINE WEST;;;47.1;1
;Unicena LLC;UNICENA;;;46.2;1
;RD (Restaurant Depot) - Beachline West;RD RESTAURANT DEPOT BEACHLINE WEST;;;45.6;2
;V&B Central Florida Supplies LLC;V B CENTRAL FLORIDA SUPPLIES;;;44.9;1
;Gordon Food Service Inc.;GORDON FOOD SERVICE;;;44.4;1
;Perdomo Distributor;PERDOMO DISTRIBUTOR;;;44.4;4
;Restaurant Depot (Beachline West);RESTAURANT DEPOT BEACHLINE WEST;;;44.4;1
;ImperialDade;IMPERIALDADE;;;43.5;1
;SYSCO CENTRAL FLORIDA, INC.;SYSCO CENTRAL FLORIDA;;;42.9;11
;Sunshine USA Inc;SUNSHINE;;;42.9;1
;I DO SERVICES CORP;I DO SERVICES;;;42.4;6
;Original Ice Cream;ORIGINAL ICE CREAM;;;42.1;1
;Tepui Flavors, LLC;TEPUI FLAVORS;;;41.7;3
;Top Trade Business LLC;TOP TRADE BUSINESS;;;41.4;1
;HONEY CAKE BEE LIVE US LLC;HONEY CAKE BEE LIVE US;;;41.0;1
;Coca-Cola Beverages Florida LLC;COCA COLA BEVERAGES FLORIDA;;;40.9;4
;Brazilian Fruits;BRAZILIAN FRUITS;;;40.0;3
;Global Point Distributor Corp.;GLOBAL POINT DISTRIBUTOR;;;40.0;1
;Lee's Ice;LEE S ICE;;;40.0;1
;FRESHPOINT CENTRAL FL;FRESHPOINT CENTRAL FL;;;39.0;13
;FreshPoint Central FL;FRESHPOINT CENTRAL FL;;;39.0;4
;Freshpoint Central FL;FRESHPOINT CENTRAL FL;;;39.0;4
;Pastry Chef Resource;PASTRY CHEF RESOURCE;;;39.0;1
;Sunny Ice Cream Corp;SUNNY ICE CREAM;;;38.9;1
;All Brazilian Import & Export, Inc.;ALL BRAZILIAN IMPORT EXPORT;;;38.3;1
;freshpoint;FRESHPOINT;;;38.1;1
;ALL FLORIDA PAPER, LLC;ALL FLORIDA PAPER;;;37.8;4
;All Florida Paper, LLC;ALL FLORIDA PAPER;;;37.8;1
;Fabi Fine Candies;FABI FINE CANDIES;;;37.8;4
;Infinity Provisions / Boar's Head;INFINITY PROVISIONS BOAR S HEAD;;;37.5;1
;HONEY CAKE BEELIVE US;HONEY CAKE BEELIVE US;;;37.0;1
;IMPOCA INC.;IMPOCA;;;36.4;2
;Skyharvest USA LLC;SKYHARVEST;;;34.8;3
;Seven Stars Popsicles of America LLC;SEVEN STARS POPSICLES OF AMERICA;;;34.6;1
;Flowers Empire;FLOWERS EMPIRE;;;34.3;2
;WONDER BERRY - SALLUZ DISTRIBUTION;WONDER BERRY SALLUZ DISTRIBUTION;;;34.0;2
;Wonder Berry - Salluz Distribution;WONDER BERRY SALLUZ DISTRIBUTION;;;34.0;1
;M SEVEN USA, LLC;M SEVEN;;;33.3;3
;Citrus USA, Inc.;CITRUS;;;26.7;4
;Citrus Usa, Inc.;CITRUS;;;26.7;1
